,x,,,
1,"RT @DearAuntCrabby: Trump adviser caught scamming the elderly to give himself big salary

Yet another #Trump grifter.
 ",,,
2,RT @RT_America: #TigerWoods got the Medal of Freedom from #Trump and a lot of hate from Trump critics ,,,
3,RT @THEPOTATOHEADS: Gallup: Trump Approval Rating Ticks Up to New High of 46 Percent ,,,
4,"RT @DearAuntCrabby: Trump adviser caught scamming the elderly to give himself big salary

Yet another #Trump grifter.
 ",,,
5,"RT @DearAuntCrabby: Trump adviser caught scamming the elderly to give himself big salary

Yet another #Trump grifter.
 ",,,
6,"RT @DearAuntCrabby: Trump adviser caught scamming the elderly to give himself big salary

Yet another #Trump grifter.
 ",,,
7,"RT @DearAuntCrabby: Trump adviser caught scamming the elderly to give himself big salary

Yet another #Trump grifter.
 ",,,
8,"RT @norrthpier: @The_UnSilent_ @CNN Hence, @CNN's unwavering support for #Trump and hiring his race-baiting buds as commentators.",,,
9,"Mollie Hemingway: Democrats, not Trump, are having the hard time ... - ",,,
10,"RT @DearAuntCrabby: Trump adviser caught scamming the elderly to give himself big salary

Yet another #Trump grifter.
 ",,,
11,"RT @RepDeSaulnier: Nobody is above the law. If President #Trump committed obstruction, he should face the consequences. ",,,
12,"""#WorldNews Story: Dems Press for Invalidation of #Trump's Pardon of Arpaio #News"": ",,,
13,Call me a bleeding heart but I was sad to see #MichaelCohen walking into prison today knowing he did a lot to cover up for #Trump,,,
14,"RT @DearAuntCrabby: Trump adviser caught scamming the elderly to give himself big salary

Yet another #Trump grifter.
 ",,,
15,"RT @DearAuntCrabby: Trump adviser caught scamming the elderly to give himself big salary

Yet another #Trump grifter.
 ",,,
16,"RT @DearAuntCrabby: Trump adviser caught scamming the elderly to give himself big salary

Yet another #Trump grifter.
 ",,,
17,"I think about this all the time. The likeness is uncanny 

#trump #antichrist 

",,,
18,For all of his supposed wealth #Trump is a low life. ,,,
19,"RT @pinoange: Presidential Cover Up by Ed Wexler
#Trump #Barr ",,,
20,"RT @DearAuntCrabby: Trump adviser caught scamming the elderly to give himself big salary

Yet another #Trump grifter.
 ",,,
21,#TRUMP TOOK THE COUNTRY FROM #BHO TOILET TO GREAT AGAIN IN LESS THN 2YRS!! PERIOD - END OF DISCUSSION!! ,,,
22,"#Mueller with...... David McCallum?!!! 

#Wtf #RobertMueller #Barr #Mnuchin #Trump ",,,
23,"@realTuckFrumper #Trump sullies everything he touches. Every medal he awards, every appointment will have an asterisk beside the name.",,,
24,"Trump awards Medal of Freedom to Tiger Woods, 'symbol of American excellence'.
",,,
25,RT @WandaIsWhite: I saw this in my neighborhood today! American flag with a #Trump flag underneath. #KAG #Trump2020 #GraceFellowship ,,,
26,"UBI for all and boots on the ground for Maduro? Tomorrow, on ",,,
27,"RT @DearAuntCrabby: Trump adviser caught scamming the elderly to give himself big salary

Yet another #Trump grifter.
 ",,,
28,"RT @adamzyglis: Yes, the poor NRA... #NRA #Trump #POTUS #undersiege #GunReformNow #schoolshootings @TheBuffaloNews ",,,
29,RT @fakeAndyShore: Another #Trump Administration official (@stevenmnuchin1) has broken the law. No surprise. Sad!,,,
30,"RT @DearAuntCrabby: Trump adviser caught scamming the elderly to give himself big salary

Yet another #Trump grifter.
 ",,,
31,Another #Trump Administration official (@stevenmnuchin1) has broken the law. No surprise. Sad!,,,
32,"Just lock him ip and get over it. 

#MAGA2020 without #Trump ",,,
33,Why is this racist @RickSantorum a paid contributor to @CNN @CNN WHY? ,,,
34,RT @kevincorke: #NEW @USTreasury REJECTS request for #Trump tax returns ,,,
35,"RT @DearAuntCrabby: Trump adviser caught scamming the elderly to give himself big salary

Yet another #Trump grifter.
 ",,,
36,@MissMyrtle2 @MaddowBlog #TruthIsTheEnemy to #Trump &amp; the #GOP. ,,,0
37,"RT @DearAuntCrabby: Trump adviser caught scamming the elderly to give himself big salary

Yet another #Trump grifter.
 ",,,
38,RT @kevincookshow1: ,,,
39,"RT @DearAuntCrabby: Trump adviser caught scamming the elderly to give himself big salary

Yet another #Trump grifter.
 ",,,
40,"RT @DearAuntCrabby: Trump adviser caught scamming the elderly to give himself big salary

Yet another #Trump grifter.
 ",,,
41,"RT @DearAuntCrabby: Trump adviser caught scamming the elderly to give himself big salary

Yet another #Trump grifter.
 ",,,
42,"RT @dnarip: Omissions in #MuellerReport
suggests possible #CoverUp of crimes against #Trump campaign

",,,
43,"RT @DearAuntCrabby: Trump adviser caught scamming the elderly to give himself big salary

Yet another #Trump grifter.
 ",,,
44,"RT @DearAuntCrabby: Trump adviser caught scamming the elderly to give himself big salary

Yet another #Trump grifter.
 ",,,
45,"RT @DearAuntCrabby: Trump adviser caught scamming the elderly to give himself big salary

Yet another #Trump grifter.
 ",,,
46,RT @kevincorke: #NEW @USTreasury REJECTS request for #Trump tax returns ,,,
47,"SPX potential top 2.5.2019 , check here ",,,
48,brexit reacts after last extension ,,,
49,@PrisonPlanet @realDonaldTrump Don't forget that Facebook helped #trump win. So not really a liberal outlet.,,,
50,RT @ChrisWill1337: brexit reacts after last extension ,,,
51,"RT @Telford_Russian: TO PRESIDENT #TRUMP: STATUS OF #WHISTLEBLOWERS

",,,
52,President #Trump banking on strong economy to outlast #China in #tradewar ,,,
53,"RT @Tombx7M: Alway remember..
#Tucker #Hannity #Tcot #Ccot #Qanon #MAGA  #KAG #Trump #WWG1WGA ",,,
54,"RT @DearAuntCrabby: Trump adviser caught scamming the elderly to give himself big salary

Yet another #Trump grifter.
 ",,,
55,"RT @Tombx7M: Coming soon
#Tucker #Hannity #Tcot #Ccot #Qanon #MAGA  #KAG #Trump #WWG1WGA ",,,
56,Joe Biden's Radically Liberal History Revealed | ,,,
57,#LetitiaJames is holding #Trump's feet to the fire. The #House needs to do the same! #ImpeachDonaldTrumpNOW ,,,
58,#trump and #RogerStone have one thing in common. They both like #strippers ,,,
59,"@WhiteHouse @TigerWoods What a classy moment, versus the divisive jerks on the #RedSox. #TigerWoods #Trump",,,
60,"RT @DearAuntCrabby: Trump adviser caught scamming the elderly to give himself big salary

Yet another #Trump grifter.
 ",,,
61,"RT @DearAuntCrabby: Trump adviser caught scamming the elderly to give himself big salary

Yet another #Trump grifter.
 ",,,
62,I need some honest perspectives. How can you be on favor of gay rights but also be a #trump supporter?,,,
63,I need #2000 today ... #maga #trump #kag #1a #2a please help me out !!!I F B #IFB #IRETWEET,,,
64,@gpa70 @SenSchumer @stevenmnuchin1 My 3 year old sounds intelligent next to a person who supports #Trump ..oh wait.,,,
65,Gallup: Trump Approval Rating Ticks Up to New High of 46 Percent ,,,
66,MAFIA SPIES -- Assassination Debate for the Trump Era ,,,
67,President Trump Honors Tiger Woods For F**king So Many Broads - HalfGuarded ,,,
68,Hey you #Trump &amp; #GOP 400 former DOJ prosecutors: Mueller had enough evidence to charge Trump ,,,
69,"RT @DearAuntCrabby: New York Times: Pelosi worries Trump won't give up power if he loses re-election by small margin 

",,,
70,"RT @Tombx7M: Alway remember..
#Tucker #Hannity #Tcot #Ccot #Qanon #MAGA  #KAG #Trump #WWG1WGA ",,,
71,"RT @DearAuntCrabby: Trump adviser caught scamming the elderly to give himself big salary

Yet another #Trump grifter.
 ",,,
72,"@MariaBartiromo @Judgenap @MorningsMaria @FoxBusiness One of the few brave truth tellers on Fox regarding #Trump-thank you, @Judgenap",,,
73,"RT @DearAuntCrabby: Trump adviser caught scamming the elderly to give himself big salary

Yet another #Trump grifter.
 ",,,
74,Go Lizzy Warren go! #USPoli #Warren2020 #ElizabethWarren #Trump #Biden #Bernie #WarrenHarris2020,,,
75,"So if it turns out to be #Biden vs #Trump in 2020, I guess that means we'll be faced with choosing ""the lesser of two grabbers.""",,,
76,I WILL TAKE BACK THE JOBS DONKEYS HAVE BEEN ROBBING US OF  #DonaldJHoofForPresident ##trump,,,
77,Trust Nancy Pelosi. She knows what she's doing. #Trump,,,
78,"RT @Tombx7M: Can you hear me now
#Tucker #Hannity #Tcot #Ccot #Qanon #MAGA  #KAG #Trump #WWG1WGA ",,,
79,"@JoeNBC @JonLemire And, #Trump Should be scared, rightly so, because no one KNOWS, MORE THAN TRUMP, HOW GUILTY HE IS.",,,
80,"RT @DearAuntCrabby: Trump adviser caught scamming the elderly to give himself big salary

Yet another #Trump grifter.
 ",,,
81,@atrupar HAHA  #Trump is so going to jail post presidency,,,
82,@bigmacnfries62 @4YrsToday You know what #Trump think about you. He thinks REPUBLICANS are stupid.,,,
83,"RT @DearAuntCrabby: Trump adviser caught scamming the elderly to give himself big salary

Yet another #Trump grifter.
 ",,,
84,"I never thought Biden would be this strong . 
#WVU 
#Biden2020 v #Trump ",,,
85,@CharlesPPierce @AdamPosen #Mnuchin treats #Congress with the same disdain as his boss #Trump.,,,
86,#Trump grants pardon to man who #killed Iraqi prisoner - May 6 @ 9:34 PM ET  ,,,
87,"RT @Pinlovescake: ""I know nothing about WikiLeaks. It's not my thing."" #trump #WikiLeaks ",,,
88,"RT @DearAuntCrabby: Trump adviser caught scamming the elderly to give himself big salary

Yet another #Trump grifter.
 ",,,
89,RT @digitaljournal: US Treasury will not hand over #Trump #TaxReturns to Congress: official ,,,
90,@stonecold2050 Whatever happened to the youngest Trump child?  Is he still in New York City?  #trump,,,
91,Hundreds of former prosecutors say #Trump would have been indicted if he were not presiden - May 6 @ 9:32 PM ET  ,,,
92,"RT @DearAuntCrabby: Trump adviser caught scamming the elderly to give himself big salary

Yet another #Trump grifter.
 ",,,
93,"RT @DearAuntCrabby: Trump adviser caught scamming the elderly to give himself big salary

Yet another #Trump grifter.
 ",,,
94,@RawStory @morgfair Can Phil name one thing #Trump has done to benefit real Christians?,,,
95,@Trump454545 Controlled by the people:WOW #USA #Trump,,,
96,"RT @DearAuntCrabby: Trump adviser caught scamming the elderly to give himself big salary

Yet another #Trump grifter.
 ",,,
97,"RT @DearAuntCrabby: Trump adviser caught scamming the elderly to give himself big salary

Yet another #Trump grifter.
 ",,,
98,RT @RT_com: #TigerWoods got the Medal of Freedom from #Trump and a lot of hate from Trump critics ,,,
99,"RT @DearAuntCrabby: Trump adviser caught scamming the elderly to give himself big salary

Yet another #Trump grifter.
 ",,,
100,"RT @DearAuntCrabby: Trump adviser caught scamming the elderly to give himself big salary

Yet another #Trump grifter.
 ",,,
101,"RT @DearAuntCrabby: Trump adviser caught scamming the elderly to give himself big salary

Yet another #Trump grifter.
 ",,,
102,"RT @DearAuntCrabby: Trump adviser caught scamming the elderly to give himself big salary

Yet another #Trump grifter.
 ",,,
103,"#Trump says he spoke to #Abe about #NorthKorea

",,,
104,Intel: Navy downplays #Iran hawks' messaging on latest deployment ,,,
105,"RT @DearAuntCrabby: Trump adviser caught scamming the elderly to give himself big salary

Yet another #Trump grifter.
 ",,,
106,"Hey @TigerWoods are totally embarrassed by #Trump?
You should be.",,,
107,"RT @norrthpier: @The_UnSilent_ @CNN Hence, @CNN's unwavering support for #Trump and hiring his race-baiting buds as commentators.",,,
108,US Treasury will not hand over #Trump #TaxReturns to Congress: official ,,,
109,"RT @DearAuntCrabby: Trump adviser caught scamming the elderly to give himself big salary

Yet another #Trump grifter.
 ",,,
110,"RT @Tombx7M: Alway remember..
#Tucker #Hannity #Tcot #Ccot #Qanon #MAGA  #KAG #Trump #WWG1WGA ",,,
111,"RT @DearAuntCrabby: Trump adviser caught scamming the elderly to give himself big salary

Yet another #Trump grifter.
 ",,,
112,"@The_UnSilent_ @CNN Hence, @CNN's unwavering support for #Trump and hiring his race-baiting buds as commentators.",,,
113,RT @shanman367: Happy CincodeMayo! #CincoDeMayo2019 #Trump #trump2020 #IllegalImmigration ,,,
114,"Alway remember..
#Tucker #Hannity #Tcot #Ccot #Qanon #MAGA  #KAG #Trump #WWG1WGA ",,,
115,"RT @Tombx7M: Coming soon
#Tucker #Hannity #Tcot #Ccot #Qanon #MAGA  #KAG #Trump #WWG1WGA ",,,
116,@essenviews #Trump #obstructionist thinks he is above the law.,,,
117,RT @tomleykis: Key word: REALITY. #TrumpsScaredOfMueller #Trump ,,,
118,"RT @DearAuntCrabby: Trump adviser caught scamming the elderly to give himself big salary

Yet another #Trump grifter.
 ",,,
119,"RT @DearAuntCrabby: Trump adviser caught scamming the elderly to give himself big salary

Yet another #Trump grifter.
 ",,,
120,"RT @Tombx7M: Can you hear me now
#Tucker #Hannity #Tcot #Ccot #Qanon #MAGA  #KAG #Trump #WWG1WGA ",,,
121,Mueller report row: House Dem chair calls vote to hold AG Barr in contempt of Congress..#Trump..#GOP,,,
122,"RT @DearAuntCrabby: Trump adviser caught scamming the elderly to give himself big salary

Yet another #Trump grifter.
 ",,,
123,"@TrinityResists @ManMet80 If voting was confined to those who are physically and mentally competent, would #Trump be allowed to vote?",,,
124,"RT @Tombx7M: Can you hear me now
#Tucker #Hannity #Tcot #Ccot #Qanon #MAGA  #KAG #Trump #WWG1WGA ",,,
125,"RT @Tombx7M: Can you hear me now
#Tucker #Hannity #Tcot #Ccot #Qanon #MAGA  #KAG #Trump #WWG1WGA ",,,
126,"RT @AndyOstroy: If you're absolutely disgusted, exhausted and fed up with #Trump say 'YEAH!'",,,
127,RT @GetMuellerRpt: #Trump would be in jail if he wasn't #POTUS .. Retweet ,,,
128,"RT @DearAuntCrabby: Trump adviser caught scamming the elderly to give himself big salary

Yet another #Trump grifter.
 ",,,
129,"Coming soon
#Tucker #Hannity #Tcot #Ccot #Qanon #MAGA  #KAG #Trump #WWG1WGA ",,,
130,@iambadal #Trump and Mitch are the #evil of our time.,,,
131,"Can you hear me now
#Tucker #Hannity #Tcot #Ccot #Qanon #MAGA  #KAG #Trump #WWG1WGA ",,,
132,"RT @DearAuntCrabby: Trump adviser caught scamming the elderly to give himself big salary

Yet another #Trump grifter.
 ",,,
133,"RT @DearAuntCrabby: Trump adviser caught scamming the elderly to give himself big salary

Yet another #Trump grifter.
 ",,,
134,@DeadlineWH @emilyjanefox @jheil Now Cohen is getting a taste of what everyone who was loyal to trump and then  betrayed by #trump feels.,,,
135,"RT @CornelWest: The President is lying...

#Trump #Charlotesville @AC360 ",,,
136,"#Trump UN nominee #KellyCraft (Wife of CEO of Biggest #Coal Producer) climate views raising concerns at Senate, U.N. ",,,
137,What would Trump guided by Sisi bring upon the US?: ,,,
138,"RT @GetMuellerRpt: #Trump would be in cuffs if he wasn't #POTUS 
",,,
139,"#Trump pardons ex-soldier convicted of killing Iraqi prisoner | TheHill

#murder #TrumpPardon #Resistance  ",,,
140,"RT @DearAuntCrabby: Trump adviser caught scamming the elderly to give himself big salary

Yet another #Trump grifter.
 ",,,
141,"RT @DearAuntCrabby: Trump adviser caught scamming the elderly to give himself big salary

Yet another #Trump grifter.
 ",,,
142,@thedailybeast @LloydGreen9 A #Trump rally ,,,
143,RT @BigTaliesin: ,,,
144,"RT @RepDeSaulnier: Nobody is above the law. If President #Trump committed obstruction, he should face the consequences. ",,,
145,"RT @DearAuntCrabby: Trump adviser caught scamming the elderly to give himself big salary

Yet another #Trump grifter.
 ",,,
146,"SPX potential top 2.5.2019 , check here ",,,
147,brexit reacts after last extension ,,,
148,"RT @DearAuntCrabby: Trump adviser caught scamming the elderly to give himself big salary

Yet another #Trump grifter.
 ",,,
149,RT @ChrisWill1337: brexit reacts after last extension ,,,
150,RT @mayawiley: #Trump avoided military service. ,,,
151,@WhiteHouse What would #trump know about any if that? He just lies &amp; cheats.,,,
152,"RT @GetMuellerRpt: #Trump would be in cuffs if he wasn't #POTUS 
",,,
153,"RT @DearAuntCrabby: Trump adviser caught scamming the elderly to give himself big salary

Yet another #Trump grifter.
 ",,,
154,"People on the world-Apathy #song the communists are stupid, they dont have democracy ",,,
155,"David Frost's #Nixon interview has been updated. pursuant to the new #GOP doctrine, ""But when #Trump does it, that means it is not illegal.""",,,
156,"#Trump would be in cuffs if he wasn't #POTUS 
",,,
157,Trump awards Tiger Woods highest civilian award - ,,,
158,"RT @DearAuntCrabby: Trump adviser caught scamming the elderly to give himself big salary

Yet another #Trump grifter.
 ",,,
159,"RT @DearAuntCrabby: Trump adviser caught scamming the elderly to give himself big salary

Yet another #Trump grifter.
 ",,,
160,Mnuchin refuses to release Trump's tax returns to Congress..#Trump..#GOP,,,
161,"RT @DearAuntCrabby: Trump adviser caught scamming the elderly to give himself big salary

Yet another #Trump grifter.
 ",,,
162,@jax_superdave @ReMKZed @GeoffRBennett Just like a #Delusional #Liar #Impeach #Trump,,,
163,"RT @DearAuntCrabby: Trump adviser caught scamming the elderly to give himself big salary

Yet another #Trump grifter.
 ",,,
164,RT @FreeSpeechToons: #Trump vs the #FreePress by @AnnTelnaes ,,,
165,"Well, so do we! #trump #russia #putinspuppet #gop ",,,
166,"RT @DearAuntCrabby: Trump adviser caught scamming the elderly to give himself big salary

Yet another #Trump grifter.
 ",,,
167,"Can you recommend anyone for this job in Las Vegas, NV? ",,,
168,"RT @Tombx7M: @CNN Absolutely priceless
#Cnn #Trump #TheFive #MAGA #KAG ",,,
169,"RT @DearAuntCrabby: Trump adviser caught scamming the elderly to give himself big salary

Yet another #Trump grifter.
 ",,,
170,"RT @DearAuntCrabby: Trump adviser caught scamming the elderly to give himself big salary

Yet another #Trump grifter.
 ",,,
171,"RT @DearAuntCrabby: Trump adviser caught scamming the elderly to give himself big salary

Yet another #Trump grifter.
 ",,,
172,"RT @thetonyclifton1: Yes... how many weeks or months before #Mueller knew #Trump was innocent and setup? 

 #HANNITY",,,
173,Too bad #TigerWoods never taught #Trump not to cheat at golf and everything else in life. #MedalofFreedom ,,,
174,"RT @dAtS_bUlLsHiT: dAtS_nO_bUlLsHiT !!

#Q #QAnon #USA #Patriot #Trump #MAGA #GreatAwakening
@Potus @realDonaldTrump ",,,
175,"RT @RepDeSaulnier: Nobody is above the law. If President #Trump committed obstruction, he should face the consequences. ",,,
176,,,,
177,"#Trump's already using his ""bonus time"" by not already being in prison for the many crimes he's committed!  
",,,
178,"Yes... how many weeks or months before #Mueller knew #Trump was innocent and setup? 

 #HANNITY",,,
179,"RT @DearAuntCrabby: Trump adviser caught scamming the elderly to give himself big salary

Yet another #Trump grifter.
 ",,,
180,It's Ok to be any race. #BlackLivesMatter #Feminism #CNN #Trump #Islam #HillaryClinton #BernieSanders #ItsOkToBeWhite #AllLivesMatter,,,
181,"RT @cb27words: @kevinmcdermott @DLoesch @NRA Tell that to these people....
",,,
182,"New York attorney general sues Trump Treasury, IRS ",,,
183,"RT @DCReportMedia: Republican Senators want nothing to do with ""Trumpcare."" The head-cheese stands alone... ",,,
184,"RT @DearAuntCrabby: Trump adviser caught scamming the elderly to give himself big salary

Yet another #Trump grifter.
 ",,,
185,"RT @Minnie_Kinn: As air pollution increases in US cities, the #Trump administration is weakening clean air regulations. #EPA ",,,
186,RT @ConnectToMAGA: FREE Shipping until midnight on MAGA wear. Countdown link to use coupon code 050619 at ,,,
187,RT @RT_com: #TigerWoods got the Medal of Freedom from #Trump and a lot of hate from Trump critics ,,,
188,"RT @DearAuntCrabby: Trump adviser caught scamming the elderly to give himself big salary

Yet another #Trump grifter.
 ",,,
189,"@kevinmcdermott @DLoesch @NRA Tell that to these people....
",,,
190,"RT @CGTNOfficial: Ex-lawyer #Cohen reports to prison, blasts #Trump for ""injustice and lies"" ",,,
191,"RT @GhostofReason1: @kylegriffin1 @gtconway3d @TheBeatWithAri Most Presidents would just resign, not #Trump! ",,,
192,"Only #Trump's #Office #Prevented #Charges: #Former #Prosecutors
",,,
193,"RT @DearAuntCrabby: Trump adviser caught scamming the elderly to give himself big salary

Yet another #Trump grifter.
 ",,,
194,"2015 -- when #Trump was not President but America was already broken.

SEE: ",,,
195,"RT @DearAuntCrabby: Trump adviser caught scamming the elderly to give himself big salary

Yet another #Trump grifter.
 ",,,
196,"RT @Tombx7M: Remember..
#Tucker #Hannity #Tcot #Ccot #Qanon #MAGA  #KAG #Trump #WWG1WGA ",,,
197,@realDonaldTrump And 5G Huawei? It's 100% security for us?  Can we have a privity? #Trump,,,
198,@CyrusMMcQueen Trump would sell out anyone if he could make money. #Trump is 100% crooked.  IMPEACH THIS BASTARD. NOW!!!,,,
199,"RT @DearAuntCrabby: Trump adviser caught scamming the elderly to give himself big salary

Yet another #Trump grifter.
 ",,,
200,"RT @AndyOstroy: If you're absolutely disgusted, exhausted and fed up with #Trump say 'YEAH!'",,,
201,"@CNN Keep crying

#LiberalismIsAMentalDisorder #WalkAway #Unhinged #AmericaFirst #Trump #MAGA ",,,
202,People on the world ,,,
203,"Ex-lawyer #Cohen reports to prison, blasts #Trump for ""injustice and lies"" ",,,
204,"RT @Tombx7M: Remember..
#Tucker #Hannity #Tcot #Ccot #Qanon #MAGA  #KAG #Trump #WWG1WGA ",,,
205,"@kylegriffin1 @gtconway3d @TheBeatWithAri Most Presidents would just resign, not #Trump! ",,,
206,#terrorisme #visa #RT Global knowledge in 1:President #Trump desires but cant ban Pakistanis ,,,
207,"@nytimes My wish is the disgusting, destructive, and useless species known as the #Trump #Republican should be EXTINCT as soon as possible.",,,
208,RT @GetMuellerRpt: #Trump would be in jail if he wasn't #POTUS .. Retweet ,,,
209,"RT @DearAuntCrabby: Trump adviser caught scamming the elderly to give himself big salary

Yet another #Trump grifter.
 ",,,
210,"dAtS_nO_bUlLsHiT !!

#Q #QAnon #USA #Patriot #Trump #MAGA #GreatAwakening
@Potus @realDonaldTrump ",,,
211,"Thank you @Joy_Villa. @BrianSimsPA sure is a loser and bully!
#MAGA #Trump #usa #DonaldTrump #2A #1A ",,,
212,FREE Shipping until midnight on MAGA wear. Countdown link to use coupon code 050619 at ,,,
213,"RT @Tombx7M: Remember..
#Tucker #Hannity #Tcot #Ccot #Qanon #MAGA  #KAG #Trump #WWG1WGA ",,,
214,"Mnuchin breaking the law on behalf of Trump is like smoke trying to deny there is a fire.
#Mnuchin #Trump",,,
215,"Remember..
#Tucker #Hannity #Tcot #Ccot #Qanon #MAGA  #KAG #Trump #WWG1WGA ",,,
216,"If anyone is wondering how this country ever spawned a #Trump administration, tune into coverage of the #MetGala2019. #ERedCarpet #MetCamp",,,
217,#Trump hasn't tweeted in the last 6 hours! This is fine.,,,
218,You must remember that this is not normal #trump,,,
219,"Ex-lawyer #Cohen reports to prison, blasts #Trump for ""injustice and lies"" ",,,
220,"RT @DearAuntCrabby: Trump adviser caught scamming the elderly to give himself big salary

Yet another #Trump grifter.
 ",,,
221,"RT @DearAuntCrabby: Trump adviser caught scamming the elderly to give himself big salary

Yet another #Trump grifter.
 ",,,
222,"RT @DearAuntCrabby: Trump adviser caught scamming the elderly to give himself big salary

Yet another #Trump grifter.
 ",,,
223,"RT @DearAuntCrabby: Trump adviser caught scamming the elderly to give himself big salary

Yet another #Trump grifter.
 ",,,
224,#mnuchin #trump think they are above the law. ,,,
225,RT @GetMuellerRpt: #Trump would be in jail if he wasn't #POTUS .. Retweet ,,,
226,,,,
227,RT @shanlonwu: #Trump call with #PUTIN seems treasonous.,,,
228,The #Trump administration continues to raise the temperature in trade tensions with #China. ,,,
229,RT @JavierAugusto65: What about #JulianAssange #Wikileaks Mr. President? #Trump ,,,
230,What do you think about #trumpanamericandream? #netflix #trump,,,
231,@realDonaldTrump @ArmyWP_Football Whoever they photoshopped #Trump's face over wasn't fat enough #FatNixon ,,,
232,RT @AlbertDeAscenti: Pelosi: #Barr committed a crime by lying to Congress ,,,
233,#Trump would be in jail if he wasn't #POTUS .. Retweet ,,,
234,"#gop #trump see themselves above the law.  
#AmericansForImpeachment ",,,
235,@realDonaldTrump Doing what RepubliCons did only Democrats do it legally! They win by majority! Without #Russia helping! #Trump,,,
236,"""US News: China's Liu He will join US China trade talks after #Trump tariff threat - CNBC #News"": ",,,
237,"""#WorldNews Story: BI Poll: #GOP #Voter Majority Open to #Trump Primary Challenge #News"": ",,,
238,"SPX potential top 2.5.2019 , check here ",,,
239,brexit reacts after last extension ,,,
240,RT @ChrisWill1337: brexit reacts after last extension ,,,
241,"RT @DearAuntCrabby: Trump adviser caught scamming the elderly to give himself big salary

Yet another #Trump grifter.
 ",,,
242,#AlyssaMilano Beautifully Demonstrates Why #Trump Will WIN in 2020 ,,,
243,"RT @AndyOstroy: If you're absolutely disgusted, exhausted and fed up with #Trump say 'YEAH!'",,,
244,U.S. To Deploy Carrier And Bomber Task Force After Concerns About Iran Threat ,,,
245,"Artificial Intelligence Can Make Our Lives Easier, But It Can Also Go Awry ",,,
246,House Panel To Vote Wednesday On Holding AG Barr In Contempt ,,,
247,'Thunder Bay' Podcast Investigates Canada's Colonial Impacts On Indigenous People ,,,
248,"Alabama Judge Rules 'Systematic Inadequacies' Fueled Prison Suicides, Orders Monitor ",,,
249,Florida House Approves Bill That Limits Voting Rights For People Convicted Of Felonies ,,,
250,Boeing Knew About 737 MAX Warning Light Problem A Year Before Lion Air Crash ,,,
251,Hundreds Have Died In Selfie-Related Deaths Since 2011 ,,,
252,U.S. Businesses Face Challenges As Trump Threatens To Reignite Trade War ,,,
253,"Amid Measles Outbreaks, States Consider Revoking Religious Vaccine Exemptions ",,,
254,RT @RT_com: #TigerWoods got the Medal of Freedom from #Trump and a lot of hate from Trump critics ,,,
255,@RawStory We kan jaber jaw awl day for this but If #trump man make duel time with #Mueller then he kan get satisfyed by him. #lawyerings,,,
256,RT @Craig5889: @washingtonpost I just #trump do 25 to life at Leavenworth for #Treson and crimes against the people of #America.,,,
257,"@washingtonpost No......not really.

The only traitor is #Trump",,,
258,"RT @DearAuntCrabby: Trump adviser caught scamming the elderly to give himself big salary

Yet another #Trump grifter.
 ",,,
259,"@RealJack @Fred_SAPO @mrwalsh__ The people's house ben infiltrated! CHECKOUT #SomePeopleDidSomething  #QAnon #Trump 
",,,
260,'Lock Him Up' Pullover Hoodies by #RainFishGraphics Are Available at   ,,,
261,RT @Banxcartoons: From Friday's @FT #DeutscheBank #Trump ,,,
262,"Why so worried about a little Mueller testimony, Trump? ",,,
263,"Trump is a cuck RT @AnastasiosManol: The old gunboat diplomacy
#usa #trump ",,,
264,@BibleBeltDarlin Love it! #BestPresidentEver #Trump,,,
265,"The old gunboat diplomacy
#usa #trump ",,,
266,"""#POTUS News:  Tiger Woods receives #Presidential Medal of Freedom from Donald #Trump at #WhiteHouse #News"": ",,,
267,"RT @DearAuntCrabby: Trump adviser caught scamming the elderly to give himself big salary

Yet another #Trump grifter.
 ",,,
268,"As Trump again spouts lines directly from Putin, Pompeo again tasked with cleaning it up ",,,
269,Anyone else ready to go to jail for #tRump? @GOP,,,
270,"RT @DearAuntCrabby: Trump adviser caught scamming the elderly to give himself big salary

Yet another #Trump grifter.
 ",,,
271,Treasury denies Democrats' request for #Trump tax returns - May 6 @ 8:44 PM ET  ,,,
272,Cartoon: True love ,,,
273,"RT @DearAuntCrabby: Trump adviser caught scamming the elderly to give himself big salary

Yet another #Trump grifter.
 ",,,
274,#tiger and #trump makes perfect sense...,,,
275,Charles Barkley Knocks Trump As #TigerWoods Goes To White House  ,,,
276,"RT @DearAuntCrabby: Trump adviser caught scamming the elderly to give himself big salary

Yet another #Trump grifter.
 ",,,
277,"Trump's InfoWars presidency, and what it means for the media ",,,
